{"cameraMode":{"drawMode":2,"name":"Shaded Wireframe","section":"Shading Mode"},"sceneLighting":true,"audioPlay":false,"sceneViewState":{"m_AlwaysRefresh":false,"showFog":true,"showSkybox":true,"showFlares":true,"showImageEffects":true,"showParticleSystems":true,"showVisualEffectGraphs":true,"m_FxEnabled":true},"in2DMode":false,"pivot":{"x":-4.608108997344971,"y":17.719646453857423,"z":-13.315155029296875},"rotation":{"x":-0.0004963671090081334,"y":0.9716898202896118,"z":-0.2362445741891861,"w":-0.0020423331297934057},"size":4.283754825592041,"orthographic":false}