{"cameraMode":{"drawMode":0,"name":"Shaded","section":"Shading Mode"},"sceneLighting":true,"audioPlay":false,"sceneViewState":{"m_AlwaysRefresh":false,"showFog":true,"showSkybox":true,"showFlares":true,"showImageEffects":true,"showParticleSystems":true,"showVisualEffectGraphs":true,"m_FxEnabled":true},"in2DMode":false,"pivot":{"x":-5.059115409851074,"y":22.396574020385743,"z":-11.622258186340332},"rotation":{"x":0.004882212728261948,"y":0.9566999077796936,"z":-0.29060283303260805,"w":0.01607069931924343},"size":7.1056809425354,"orthographic":true}