{"cameraMode":{"drawMode":2,"name":"Shaded Wireframe","section":"Shading Mode"},"sceneLighting":true,"audioPlay":false,"sceneViewState":{"m_AlwaysRefresh":false,"showFog":true,"showSkybox":true,"showFlares":true,"showImageEffects":true,"showParticleSystems":true,"showVisualEffectGraphs":true,"m_FxEnabled":true},"in2DMode":false,"pivot":{"x":4.7945075035095219,"y":0.0033090643119066955,"z":-15.576056480407715},"rotation":{"x":0.011121087707579136,"y":0.8440030217170715,"z":-0.5359546542167664,"w":0.017504829913377763},"size":0.8792462348937988,"orthographic":false}