{"cameraMode":{"drawMode":0,"name":"Shaded","section":"Shading Mode"},"sceneLighting":true,"audioPlay":false,"sceneViewState":{"m_AlwaysRefresh":false,"showFog":true,"showSkybox":true,"showFlares":true,"showImageEffects":true,"showParticleSystems":true,"showVisualEffectGraphs":true,"m_FxEnabled":true},"in2DMode":false,"pivot":{"x":-8.281001091003418,"y":24.226329803466798,"z":-4.822405815124512},"rotation":{"x":0.04391363263130188,"y":0.9558972120285034,"z":-0.19566039741039277,"w":0.21455711126327516},"size":5.046133995056152,"orthographic":true}