{"cameraMode":{"drawMode":2,"name":"Shaded Wireframe","section":"Shading Mode"},"sceneLighting":true,"audioPlay":false,"sceneViewState":{"m_AlwaysRefresh":false,"showFog":true,"showSkybox":true,"showFlares":true,"showImageEffects":true,"showParticleSystems":true,"showVisualEffectGraphs":true,"m_FxEnabled":true},"in2DMode":false,"pivot":{"x":4.638947486877441,"y":1.2134368419647217,"z":-15.361717224121094},"rotation":{"x":-0.0009693667525425553,"y":0.9944321513175964,"z":-0.10507097840309143,"w":-0.009209086187183857},"size":2.583244562149048,"orthographic":false}