{"cameraMode":{"drawMode":2,"name":"Shaded Wireframe","section":"Shading Mode"},"sceneLighting":true,"audioPlay":false,"sceneViewState":{"m_AlwaysRefresh":false,"showFog":true,"showSkybox":true,"showFlares":true,"showImageEffects":true,"showParticleSystems":true,"showVisualEffectGraphs":true,"m_FxEnabled":true},"in2DMode":false,"pivot":{"x":5.287674903869629,"y":0.5277719497680664,"z":-16.233673095703126},"rotation":{"x":0.040346838533878329,"y":0.9196017980575562,"z":-0.37829524278640749,"w":0.09806577116250992},"size":1.0607752799987794,"orthographic":false}